{
  "data_source": "Synthetic regime-rich data (1540 bars)",
  "before": {
    "trades": 10,
    "win_rate": 0.4,
    "avg_win": 0.012885735044607651,
    "avg_loss": -0.01749285180945728,
    "expectancy": -0.005341417067831306,
    "avg_adverse": -0.017909464354039884
  },
  "after": {
    "trades": 3,
    "win_rate": 0.6666666666666666,
    "avg_win": 0.03379615804743975,
    "avg_loss": -0.02043328968228236,
    "expectancy": 0.015719675470865713,
    "avg_adverse": -0.017218939937492503
  },
  "trade_reduction_pct": 70.0,
  "expectancy_delta_pct_points": 2.106109253869702,
  "avg_win_delta_pct_points": 2.09104230028321,
  "avg_loss_delta_pct_points": 0.294043787282508
}